"name","unique id"
"BOH","1682457243672x695721155741089800"
"FOH","1682457253033x635240868825006100"
"Kitchen","1682582315822x647466054964478000"
"FOH Corner Cafe ","1682582323818x653679439980527600"
"BOH Corner Cafe ","1682671512242x997093397266432000"
"Tempest FOH","1682678791686x124824423510573060"
"Tempest Kitchen","1682678804249x515409327235268600"
"Ma Boyle's FOH","1682678824203x625662047092211700"
"Ma Boyle's Kitchen","1682678836685x203444721215864830"
"Nova Scotia FOH","1682678848971x523963005188702200"
"Nova Scotia Kitchen","1682678863278x263202567471759360"
"FOH Dockleaf","1682693692201x322860607079710700"
"BOH Dockleaf","1682693718446x785916606611980300"
"Management Dockleaf","1682694711528x985282758260555800"
"FOH","1683023997599x375500702293164000"
"Bar","1683024007214x503929734514343940"
"Kitchen","1683024026914x941538927247884300"
"Management","1683024049864x570359120520806400"
"My first team","1683032423537x355676572485156860"
"Shop Team","1683104542221x815519059780304900"
"Manager","1683195808294x607654813422846000"
"FOH Pasta Cosa","1683217700292x330995869381296100"
"Management","1683297426448x341560812943704060"
"BAR Dispensary","1683616570105x722130373907578900"
"MANAGEMENT Dispensary","1683616641152x140793674294886400"
"FOH","1683619623464x503892882415943700"
"BOH","1683619632259x231203682873507840"
"Management","1683621531243x426693736188346400"
"Floor","1683621538825x360747626641489900"
"Castro","1683704115729x765280863262343200"
"Paper Cup FOH","1683797597881x492071341315588100"
"Managers","1683800588470x213985337241763840"
"BOH Kelly's","1683919505603x476718310341476350"
"FOH Kelly's","1683919518315x536709656641273860"
"MANAGEMENT Kelly's","1683919535672x118793540805066750"
"Bar","1684318299709x612951872765952000"
"BOH Pasta Cosa","1684489521946x225142476423299070"
"Bar","1686153414230x675889558114271200"
"Production Team","1686229332113x317027813270487040"
"Culcheth Dream Team","1686781007008x935515928784535600"
"BOH","1687255570885x322202300823371800"
"FOH","1687608345095x349414481355341800"
"Production","1687877813022x633014517482913800"
"BLSD","1689249633846x757081881741361200"
"Katy","1689584754178x847318296653987800"
"Lord Strange","1689595704742x997113203425804300"
"Spanish Caravan Liverpool","1689595731958x808311300377280500"
"Spanish Caravan","1689595747487x358060167547486200"
"Boh","1689868758355x226727078073729020"
"FOH","1690558825946x542050912579354600"
"Staff","1690753187630x389866506920394750"
"Supervisors","1690815829484x990530943561236500"
"Admin","1690815846085x475066690482208800"
"BOH","1690973803058x944941856693682200"
"Management","1691566839820x552206440706080800"
"FOH","1691566855009x467502859094065150"
"BOH","1691566874071x757590213202804700"
"Float","1692621507567x113908432021225470"
"n/a  affiliate","1692718796109x821735916843827200"
"FOH","1694529025946x745550518361260000"
"Bar Team","1694631111115x455874630419742700"
"BOH LH","1695142479395x933168698068041700"
"Duty Managers","1695143011807x845402322503729200"
"FOH LH","1695143101732x336638099839516700"
"Kitchen Team","1695456234845x414663042470510600"
"Bar","1695911439402x466984385918271500"
"BOH WH","1697212119226x893860218436845600"
"FOH WH","1697212137139x730715029108162600"
"Gm ","1699366680821x733530871785586700"
"Everyone","1699635259771x838670655574769700"
"BOH","1700205734703x270131027296387070"
"BOH","1701865557959x158619342567374850"
"FOH","1703802639058x200803308822069250"
"InterTest","1704139883518x607133694094999600"
"IFFS","1704176098695x200672185643171840"
"Andy Test","1704969049068x789671078226034700"
"Bar","1705610110777x735333533233446900"
"Deeside Dream Team","1706630792019x566960352841170940"
"Birchwood Dream Team","1706725635133x544672640929103900"
"Haydock Legends","1706725659694x308693998022164500"
"BOH Castle St","1707127684127x836453684335607800"
"BOH","1707135825036x121461479227260930"
"FOH","1707136101808x882186409752920000"
"FOH","1707316386669x231976793678282750"
"KITCHEN","1707321443202x289452029255876600"
"Staff","1707390109124x494817603238494200"
"Bakery/ BOH","1707405571908x173508832650854400"
"Front of House","1707406306092x275187572488273920"
"The Garden Cafe FOH","1707484337530x780077689759596500"
"VIDA Woodside","1707498638756x895042626142601200"
"Let's Push Things Forward","1709662033087x388916473008226300"
"The Garden Cafe Kitchen","1709758362839x865575886056849400"
"FOH Eden Crosby","1710494298923x936237681082892300"
"Rawkies Kitchen Team","1710689903277x984964309376827400"
"Kitchen Eden Crosby","1710703395778x265796148658176000"
"FOH Madre Liverpool","1710758584279x131632710947176450"
"Kitchen Madre Liverpool","1710770340497x590490938792738800"
"Managers Madre Liverpool","1710779299004x981457454872395800"
"Bar Madre Liverpool","1710780390969x549714511445884900"
"BOH","1711033598275x592309467624767500"
"Back of House","1712091685683x923073569894432800"
"BOH","1712416026929x291554921841950700"
"FOH","1712416158835x422729877784363000"
"Brewery","1712577959466x727314958720696300"
"FOH","1712675505854x146212392048001020"
"BOH","1712675873635x999569079267491800"
"name","1712933556930x275554972839706620"
"CWNA","1713176498070x613693464237834200"
"Tani","1713191104392x888463369644277800"
"Modi","1713191669413x144871393267548160"
"FOH","1713638509546x507176856856821760"
"Framkv√¶md","1713725504034x476638182034112500"
"The black horse","1713748546317x670844455165100000"
"FOH","1713871394087x396667545706823700"
"Kitchen","1713872704026x119303302801522690"
"Francies ","1713873180685x616368082223628300"
"BOH Francie's","1713873195828x989917473182580700"
"John Uwagboe","1713909646153x312046763209916400"
"Columbia","1713981442783x615718258081792000"
"Management","1713994384292x280371225902448640"
"Sarah","1714022679130x573315761992892400"
"HSK ","1714046823469x498028299408375800"
"Tropical","1714294184645x523269627051769860"
"H","1714382389720x439759838246338600"
"Foh","1714423366454x469486740135739400"
"Food safety opening checklist ","1714491871918x933208532789755900"
"Kitchen Temperatures","1714493041751x781929166973435900"
"Hilton","1714505204288x956676392127823900"
"?","1714510693862x824982422615490600"
"Management","1714618592544x801114328299995100"
"Crown ","1714648394415x946084434398412800"
"BOH","1714735432421x477394011522859000"
"Le BAR 1","1714987512892x395114076983525400"
"FOH","1715002687811x530017593675481100"
"Management","1715118394504x416583092801372160"
"FOH Francie's","1715147886741x235571509940977660"
"FST","1715233731040x345971631293726700"
"Fire safety Checks","1715257741578x731566792858402800"
"Weekly Food Safety Audit","1715257755756x472994014820565000"
"Toilet Daily Cleaning Checklist","1715257938487x707420104907554800"
"1","1715277264920x802113830262669300"
"TEST-2","1715349763030x922662357179564000"
"Management","1715420287676x341274145558626300"
"Food safety Checklist","1715523605838x743280475709112300"
"Management","1715523806206x638684416579207200"
"FOH","1715550106525x555304713893183500"
"Libby's Kitchen","1715597812783x263470711541071870"
"tt","1715677790166x941707211323211800"
"Libby's Bakery","1715679926799x615365427715375100"
"Macclesfield FOH","1715680088146x473192730644185100"
"Macclesfield Kitchen","1715680142934x804497197497581600"
"Marple FOH","1715680211706x269417523552976900"
"Marple Kitchen","1715680230063x745915360075841500"
"Libby's FOH","1715680346378x828440383779766300"
"Marple Bakery","1715680374064x631501359638642700"
"FOH","1715750712973x995649512839577600"
"Management","1715790101049x594939870651351000"
"FOH","1715790150364x170831981220200450"
"Toilet Daily Cleaning Checklist","1715871491639x314059713722974200"
"Fire safety Checks","1715871693552x856369631713558500"
"General Cleaning","1715872390967x529734864838066200"
"Health and Safety","1715872617268x519503863373889540"
"Sales ","1715894009826x837783144135655400"
"Bob","1716087058247x751452585191014400"
"FOH","1716122547963x635843405827801100"
"Lab Head","1716295739585x460360978017812500"
"RI","1716456169889x962124049751998500"
"FOH","1716456416476x485923094685024260"
"Sonali","1716501992110x317416318320246800"
"Hq1","1716607123861x782984031692652500"
"me","1716735670273x500998064660807700"
"SY","1716747111353x975101530084474900"
"FOH","1717072776743x494923106713600000"
"FOH","1717074633692x370566872918392800"
"THOC","1717104845903x235405359373615100"
"Gareth","1717346068137x411693342141710340"
"Management","1717403002602x827740583594033200"
"Alan","1717491744874x957158682591494100"
"Bar","1717671210183x553451542783459300"
"Eccles team","1717775750170x106811318020603900"
"Printworks Team","1717779463803x214784831572672500"
"Staff","1717794720411x970911805166059500"
"MOHAMED","1717932037895x382726697350594560"
"Jason ","1718085532487x992593325074677800"
"Manpreet","1718205560306x825745178537492500"
"Lucas Angels","1718442595590x392438431429951500"
"FOH","1718581751529x283672548214308860"
"Management ","1719910967747x510411314613452800"
"boh team","1719910997994x111794132461027330"
"Management","1719912542830x377691967478300700"
"Remove (arhived)","1719924988063x897427823350513700"
"Remove (arhived)","1719926768349x171199646662131700"
"ADMIN","1719992750250x663213685298692100"
"Remove (arhived)","1720014246975x121115801271402500"
"FOH Bar","1720017143685x930707442544148500"
"FOH Floor","1720017150446x381294819016704000"
"Management NQ","1720260216838x792027349592571900"
"Manager","1720520271054x180183392266485760"
"FOH","1721225211493x447416169718612000"
"Community Food Coordinator","1721382276176x852210542342045700"
"Team1","1722029377337x517276600168611840"
"Management","1722345781780x387896065746010100"
"Executive Chef","1722925389543x792271337943990300"
"ver","1723084855056x136251338307665920"
"Operations","1724517452351x392244206056243200"
"Pitzhanger Team","1724921243755x637321584373923800"
"REMOVE (arhived)","1724921622852x119516725637545980"
"Rehju","1725240374387x277927982090944500"
"abdullah","1725288701194x852176431045410800"
"Managment","1725388596338x364539196994486300"
"Director","1725522764288x543312701770432500"
"Victor","1725532686114x832604327043399700"
"Team all as one","1725554463832x186364192635486200"
"romans","1725742860954x370206697515909100"
"test team","1725878987709x299752929640316900"
"Bronco Bistro","1726071065779x416711879253557250"
"Foh team","1726143669460x131692695732617220"
"Foh Team","1726144127134x606925443265986600"
"Outseta team 1","1726149720638x751005303187177500"
"test team 2 ","1726240542009x629243026358927400"
"FOH","1726492319283x587411294194499600"
"That lad","1726508972391x251865873938645000"
"Management","1726667452708x701867095228416000"
"FOH","1726667658764x726744470150971400"
"BOH","1726667663577x989842235951939600"
"Klaudja Kuqali","1726701647496x719251308153929700"
"Support Services ","1726724233365x456410206724948000"
"FOH","1726928413279x975059876925407200"
"Blue Boy Ice Cream ","1727092173329x696818163577520100"
"Ram Nation","1727116573515x162002160910073860"
"KITCHEN","1727272404026x481768426599350300"
"Regional manager","1727350006065x284539608128552960"
"f&B","1727696883226x734099677811310600"
"Manage","1727705444014x322181548309479400"
"Genious","1727728546533x327010490857291800"
"Recruitment","1727728695961x389539439058878460"
"Francie's Management ","1727875269373x944032645759631400"
"Pasta Cosa Management","1727875348675x168446494667964400"
"Mitchell Soper","1728314725934x562791779057008640"
"MANAGEMENT","1728382841158x504671265953677300"
"Management Ancoats","1728398580667x618149275090550800"
"Management","1728416419954x684727337315729400"
"Owner/Operator","1728457832573x434615441827823600"
"HR Manager","1728712767711x493567944686567400"
"Rookery FOH","1729246768156x507376528834953200"
"Rookery BOH","1729246773287x324653410156544000"
"Poly Team","1729761551746x239702946162671600"
"bibida management ","1729790735905x436424400259514400"
"Management ","1730028268510x186124264262074370"
"Owner","1730292365856x205433455479619600"
"FOH & BOH","1730564581790x858703641263734800"
"Director","1730985644791x582495514976059400"
"Lizibeths haven ","1731159415521x233227373584580600"
"Skylark FOH","1731409251632x764718901028454400"
"Skylark BOH","1731409266015x556884487144210400"
"Skylark Management","1731409281399x707481552118349800"
"Tea House FOH","1733241624496x526649599551602700"
"Tea House BOH","1733241632311x751793676504006700"
"Tea House Management ","1733241639527x599841001558245400"
"Rookery Management ","1733241650695x423670778348175400"
"Pitzhanger Management ","1733241678598x535197805094109200"
"Paddenswick FOH","1733428469554x496527448161648640"
"Paddenswick BOH","1733428475437x161027373344751600"
"Paddenswick Management","1733428482039x800274904856395800"
"Garden FOH","1733428948134x673563393783234600"
"Garden BOH","1733428953437x863273594597146600"
"Garden Management ","1733429004465x672876626387664900"
"Songbird Team","1733773606570x883211093444132900"
"REMOVE (arhived)","1733773613904x742214375605010400"
"Songbird Management ","1733773623840x602484118298820600"
"Natalie's Team","1734364892059x692208071646904300"
"Sonia Reeves's Team","1735412150356x805721439868551200"
"James's Team","1735812461405x110931505383735300"
"Central Operations (arhived)","1736257494910x913058994498306000"
"Central Team","1736460202311x418161964318195700"
"Bakery Team","1736857376444x386883543456284700"
"Central Events Team","1736937096735x272218512301228030"
"Bakery Events team","1737463383537x268221282009481200"
"Management","1738925630512x931254369565802500"
"Kitchen Pen Factory","1738929512775x172642675015286800"
"FOH Pen Factory","1738929520679x379578121765781500"
"HR","1738929554010x513664942427078660"
"Little Rook Team","1739460110560x389225944004952060"
"tonys","1742850676590x439177006674346000"
"Joe Test's Team","1744234159039x123320024573673470"
"Thushar vijay's Team","1746357547064x430498697066577900"
"Jane Tinonas's Team","1746703232184x846822740768587800"
"Management","1751559767680x431202238703337500"
"Maintenance","1752274310446x619795656977154000"
